DateKey,Date,weekday_name,month_name,month_num,quarter_position,year_num,semester
20140101,2014-01-01,Wednesday,January,1,1,2014,1
20140102,2014-01-02,Thursday,January,1,1,2014,1
20140103,2014-01-03,Friday,January,1,1,2014,1
20140104,2014-01-04,Saturday,January,1,1,2014,1
20140105,2014-01-05,Sunday,January,1,1,2014,1
20140106,2014-01-06,Monday,January,1,1,2014,1
20140107,2014-01-07,Tuesday,January,1,1,2014,1
20140108,2014-01-08,Wednesday,January,1,1,2014,1
20140109,2014-01-09,Thursday,January,1,1,2014,1
20140110,2014-01-10,Friday,January,1,1,2014,1
20140111,2014-01-11,Saturday,January,1,1,2014,1
20140112,2014-01-12,Sunday,January,1,1,2014,1
20140113,2014-01-13,Monday,January,1,1,2014,1
20140114,2014-01-14,Tuesday,January,1,1,2014,1
20140115,2014-01-15,Wednesday,January,1,1,2014,1
20140116,2014-01-16,Thursday,January,1,1,2014,1
20140117,2014-01-17,Friday,January,1,1,2014,1
20140118,2014-01-18,Saturday,January,1,1,2014,1
20140119,2014-01-19,Sunday,January,1,1,2014,1
20140120,2014-01-20,Monday,January,1,1,2014,1
20140121,2014-01-21,Tuesday,January,1,1,2014,1
20140122,2014-01-22,Wednesday,January,1,1,2014,1
20140123,2014-01-23,Thursday,January,1,1,2014,1
20140124,2014-01-24,Friday,January,1,1,2014,1
20140125,2014-01-25,Saturday,January,1,1,2014,1
20140126,2014-01-26,Sunday,January,1,1,2014,1
20140127,2014-01-27,Monday,January,1,1,2014,1
20140128,2014-01-28,Tuesday,January,1,1,2014,1
20140129,2014-01-29,Wednesday,January,1,1,2014,1
20140130,2014-01-30,Thursday,January,1,1,2014,1
20140131,2014-01-31,Friday,January,1,1,2014,1
20140201,2014-02-01,Saturday,February,2,1,2014,1
20140202,2014-02-02,Sunday,February,2,1,2014,1
20140203,2014-02-03,Monday,February,2,1,2014,1
20140204,2014-02-04,Tuesday,February,2,1,2014,1
20140205,2014-02-05,Wednesday,February,2,1,2014,1
20140206,2014-02-06,Thursday,February,2,1,2014,1
20140207,2014-02-07,Friday,February,2,1,2014,1
20140208,2014-02-08,Saturday,February,2,1,2014,1
20140209,2014-02-09,Sunday,February,2,1,2014,1
20140210,2014-02-10,Monday,February,2,1,2014,1
20140211,2014-02-11,Tuesday,February,2,1,2014,1
20140212,2014-02-12,Wednesday,February,2,1,2014,1
20140213,2014-02-13,Thursday,February,2,1,2014,1
20140214,2014-02-14,Friday,February,2,1,2014,1
20140215,2014-02-15,Saturday,February,2,1,2014,1
20140216,2014-02-16,Sunday,February,2,1,2014,1
20140217,2014-02-17,Monday,February,2,1,2014,1
20140218,2014-02-18,Tuesday,February,2,1,2014,1
20140219,2014-02-19,Wednesday,February,2,1,2014,1
20140220,2014-02-20,Thursday,February,2,1,2014,1
20140221,2014-02-21,Friday,February,2,1,2014,1
20140222,2014-02-22,Saturday,February,2,1,2014,1
20140223,2014-02-23,Sunday,February,2,1,2014,1
20140224,2014-02-24,Monday,February,2,1,2014,1
20140225,2014-02-25,Tuesday,February,2,1,2014,1
20140226,2014-02-26,Wednesday,February,2,1,2014,1
20140227,2014-02-27,Thursday,February,2,1,2014,1
20140228,2014-02-28,Friday,February,2,1,2014,1
20140301,2014-03-01,Saturday,March,3,1,2014,1
20140302,2014-03-02,Sunday,March,3,1,2014,1
20140303,2014-03-03,Monday,March,3,1,2014,1
20140304,2014-03-04,Tuesday,March,3,1,2014,1
20140305,2014-03-05,Wednesday,March,3,1,2014,1
20140306,2014-03-06,Thursday,March,3,1,2014,1
20140307,2014-03-07,Friday,March,3,1,2014,1
20140308,2014-03-08,Saturday,March,3,1,2014,1
20140309,2014-03-09,Sunday,March,3,1,2014,1
20140310,2014-03-10,Monday,March,3,1,2014,1
20140311,2014-03-11,Tuesday,March,3,1,2014,1
20140312,2014-03-12,Wednesday,March,3,1,2014,1
20140313,2014-03-13,Thursday,March,3,1,2014,1
20140314,2014-03-14,Friday,March,3,1,2014,1
20140315,2014-03-15,Saturday,March,3,1,2014,1
20140316,2014-03-16,Sunday,March,3,1,2014,1
20140317,2014-03-17,Monday,March,3,1,2014,1
20140318,2014-03-18,Tuesday,March,3,1,2014,1
20140319,2014-03-19,Wednesday,March,3,1,2014,1
20140320,2014-03-20,Thursday,March,3,1,2014,1
20140321,2014-03-21,Friday,March,3,1,2014,1
20140322,2014-03-22,Saturday,March,3,1,2014,1
20140323,2014-03-23,Sunday,March,3,1,2014,1
20140324,2014-03-24,Monday,March,3,1,2014,1
20140325,2014-03-25,Tuesday,March,3,1,2014,1
20140326,2014-03-26,Wednesday,March,3,1,2014,1
20140327,2014-03-27,Thursday,March,3,1,2014,1
20140328,2014-03-28,Friday,March,3,1,2014,1
20140329,2014-03-29,Saturday,March,3,1,2014,1
20140330,2014-03-30,Sunday,March,3,1,2014,1
20140331,2014-03-31,Monday,March,3,1,2014,1
20140401,2014-04-01,Tuesday,April,4,2,2014,1
20140402,2014-04-02,Wednesday,April,4,2,2014,1
20140403,2014-04-03,Thursday,April,4,2,2014,1
20140404,2014-04-04,Friday,April,4,2,2014,1
20140405,2014-04-05,Saturday,April,4,2,2014,1
20140406,2014-04-06,Sunday,April,4,2,2014,1
20140407,2014-04-07,Monday,April,4,2,2014,1
20140408,2014-04-08,Tuesday,April,4,2,2014,1
20140409,2014-04-09,Wednesday,April,4,2,2014,1
20140410,2014-04-10,Thursday,April,4,2,2014,1
20140411,2014-04-11,Friday,April,4,2,2014,1
20140412,2014-04-12,Saturday,April,4,2,2014,1
20140413,2014-04-13,Sunday,April,4,2,2014,1
20140414,2014-04-14,Monday,April,4,2,2014,1
20140415,2014-04-15,Tuesday,April,4,2,2014,1
20140416,2014-04-16,Wednesday,April,4,2,2014,1
20140417,2014-04-17,Thursday,April,4,2,2014,1
20140418,2014-04-18,Friday,April,4,2,2014,1
20140419,2014-04-19,Saturday,April,4,2,2014,1
20140420,2014-04-20,Sunday,April,4,2,2014,1
20140421,2014-04-21,Monday,April,4,2,2014,1
20140422,2014-04-22,Tuesday,April,4,2,2014,1
20140423,2014-04-23,Wednesday,April,4,2,2014,1
20140424,2014-04-24,Thursday,April,4,2,2014,1
20140425,2014-04-25,Friday,April,4,2,2014,1
20140426,2014-04-26,Saturday,April,4,2,2014,1
20140427,2014-04-27,Sunday,April,4,2,2014,1
20140428,2014-04-28,Monday,April,4,2,2014,1
20140429,2014-04-29,Tuesday,April,4,2,2014,1
20140430,2014-04-30,Wednesday,April,4,2,2014,1
20140501,2014-05-01,Thursday,May,5,2,2014,1
20140502,2014-05-02,Friday,May,5,2,2014,1
20140503,2014-05-03,Saturday,May,5,2,2014,1
20140504,2014-05-04,Sunday,May,5,2,2014,1
20140505,2014-05-05,Monday,May,5,2,2014,1
20140506,2014-05-06,Tuesday,May,5,2,2014,1
20140507,2014-05-07,Wednesday,May,5,2,2014,1
20140508,2014-05-08,Thursday,May,5,2,2014,1
20140509,2014-05-09,Friday,May,5,2,2014,1
20140510,2014-05-10,Saturday,May,5,2,2014,1
20140511,2014-05-11,Sunday,May,5,2,2014,1
20140512,2014-05-12,Monday,May,5,2,2014,1
20140513,2014-05-13,Tuesday,May,5,2,2014,1
20140514,2014-05-14,Wednesday,May,5,2,2014,1
20140515,2014-05-15,Thursday,May,5,2,2014,1
20140516,2014-05-16,Friday,May,5,2,2014,1
20140517,2014-05-17,Saturday,May,5,2,2014,1
20140518,2014-05-18,Sunday,May,5,2,2014,1
20140519,2014-05-19,Monday,May,5,2,2014,1
20140520,2014-05-20,Tuesday,May,5,2,2014,1
20140521,2014-05-21,Wednesday,May,5,2,2014,1
20140522,2014-05-22,Thursday,May,5,2,2014,1
20140523,2014-05-23,Friday,May,5,2,2014,1
20140524,2014-05-24,Saturday,May,5,2,2014,1
20140525,2014-05-25,Sunday,May,5,2,2014,1
20140526,2014-05-26,Monday,May,5,2,2014,1
20140527,2014-05-27,Tuesday,May,5,2,2014,1
20140528,2014-05-28,Wednesday,May,5,2,2014,1
20140529,2014-05-29,Thursday,May,5,2,2014,1
20140530,2014-05-30,Friday,May,5,2,2014,1
20140531,2014-05-31,Saturday,May,5,2,2014,1
20140601,2014-06-01,Sunday,June,6,2,2014,1
20140602,2014-06-02,Monday,June,6,2,2014,1
20140603,2014-06-03,Tuesday,June,6,2,2014,1
20140604,2014-06-04,Wednesday,June,6,2,2014,1
20140605,2014-06-05,Thursday,June,6,2,2014,1
20140606,2014-06-06,Friday,June,6,2,2014,1
20140607,2014-06-07,Saturday,June,6,2,2014,1
20140608,2014-06-08,Sunday,June,6,2,2014,1
20140609,2014-06-09,Monday,June,6,2,2014,1
20140610,2014-06-10,Tuesday,June,6,2,2014,1
20140611,2014-06-11,Wednesday,June,6,2,2014,1
20140612,2014-06-12,Thursday,June,6,2,2014,1
20140613,2014-06-13,Friday,June,6,2,2014,1
20140614,2014-06-14,Saturday,June,6,2,2014,1
20140615,2014-06-15,Sunday,June,6,2,2014,1
20140616,2014-06-16,Monday,June,6,2,2014,1
20140617,2014-06-17,Tuesday,June,6,2,2014,1
20140618,2014-06-18,Wednesday,June,6,2,2014,1
20140619,2014-06-19,Thursday,June,6,2,2014,1
20140620,2014-06-20,Friday,June,6,2,2014,1
20140621,2014-06-21,Saturday,June,6,2,2014,1
20140622,2014-06-22,Sunday,June,6,2,2014,1
20140623,2014-06-23,Monday,June,6,2,2014,1
20140624,2014-06-24,Tuesday,June,6,2,2014,1
20140625,2014-06-25,Wednesday,June,6,2,2014,1
20140626,2014-06-26,Thursday,June,6,2,2014,1
20140627,2014-06-27,Friday,June,6,2,2014,1
20140628,2014-06-28,Saturday,June,6,2,2014,1
20140629,2014-06-29,Sunday,June,6,2,2014,1
20140630,2014-06-30,Monday,June,6,2,2014,1
20140701,2014-07-01,Tuesday,July,7,3,2014,2
20140702,2014-07-02,Wednesday,July,7,3,2014,2
20140703,2014-07-03,Thursday,July,7,3,2014,2
20140704,2014-07-04,Friday,July,7,3,2014,2
20140705,2014-07-05,Saturday,July,7,3,2014,2
20140706,2014-07-06,Sunday,July,7,3,2014,2
20140707,2014-07-07,Monday,July,7,3,2014,2
20140708,2014-07-08,Tuesday,July,7,3,2014,2
20140709,2014-07-09,Wednesday,July,7,3,2014,2
20140710,2014-07-10,Thursday,July,7,3,2014,2
20140711,2014-07-11,Friday,July,7,3,2014,2
20140712,2014-07-12,Saturday,July,7,3,2014,2
20140713,2014-07-13,Sunday,July,7,3,2014,2
20140714,2014-07-14,Monday,July,7,3,2014,2
20140715,2014-07-15,Tuesday,July,7,3,2014,2
20140716,2014-07-16,Wednesday,July,7,3,2014,2
20140717,2014-07-17,Thursday,July,7,3,2014,2
20140718,2014-07-18,Friday,July,7,3,2014,2
20140719,2014-07-19,Saturday,July,7,3,2014,2
20140720,2014-07-20,Sunday,July,7,3,2014,2
20140721,2014-07-21,Monday,July,7,3,2014,2
20140722,2014-07-22,Tuesday,July,7,3,2014,2
20140723,2014-07-23,Wednesday,July,7,3,2014,2
20140724,2014-07-24,Thursday,July,7,3,2014,2
20140725,2014-07-25,Friday,July,7,3,2014,2
20140726,2014-07-26,Saturday,July,7,3,2014,2
20140727,2014-07-27,Sunday,July,7,3,2014,2
20140728,2014-07-28,Monday,July,7,3,2014,2
20140729,2014-07-29,Tuesday,July,7,3,2014,2
20140730,2014-07-30,Wednesday,July,7,3,2014,2
20140731,2014-07-31,Thursday,July,7,3,2014,2
20140801,2014-08-01,Friday,August,8,3,2014,2
20140802,2014-08-02,Saturday,August,8,3,2014,2
20140803,2014-08-03,Sunday,August,8,3,2014,2
20140804,2014-08-04,Monday,August,8,3,2014,2
20140805,2014-08-05,Tuesday,August,8,3,2014,2
20140806,2014-08-06,Wednesday,August,8,3,2014,2
20140807,2014-08-07,Thursday,August,8,3,2014,2
20140808,2014-08-08,Friday,August,8,3,2014,2
20140809,2014-08-09,Saturday,August,8,3,2014,2
20140810,2014-08-10,Sunday,August,8,3,2014,2
20140811,2014-08-11,Monday,August,8,3,2014,2
20140812,2014-08-12,Tuesday,August,8,3,2014,2
20140813,2014-08-13,Wednesday,August,8,3,2014,2
20140814,2014-08-14,Thursday,August,8,3,2014,2
20140815,2014-08-15,Friday,August,8,3,2014,2
20140816,2014-08-16,Saturday,August,8,3,2014,2
20140817,2014-08-17,Sunday,August,8,3,2014,2
20140818,2014-08-18,Monday,August,8,3,2014,2
20140819,2014-08-19,Tuesday,August,8,3,2014,2
20140820,2014-08-20,Wednesday,August,8,3,2014,2
20140821,2014-08-21,Thursday,August,8,3,2014,2
20140822,2014-08-22,Friday,August,8,3,2014,2
20140823,2014-08-23,Saturday,August,8,3,2014,2
20140824,2014-08-24,Sunday,August,8,3,2014,2
20140825,2014-08-25,Monday,August,8,3,2014,2
20140826,2014-08-26,Tuesday,August,8,3,2014,2
20140827,2014-08-27,Wednesday,August,8,3,2014,2
20140828,2014-08-28,Thursday,August,8,3,2014,2
20140829,2014-08-29,Friday,August,8,3,2014,2
20140830,2014-08-30,Saturday,August,8,3,2014,2
20140831,2014-08-31,Sunday,August,8,3,2014,2
20140901,2014-09-01,Monday,September,9,3,2014,2
20140902,2014-09-02,Tuesday,September,9,3,2014,2
20140903,2014-09-03,Wednesday,September,9,3,2014,2
20140904,2014-09-04,Thursday,September,9,3,2014,2
20140905,2014-09-05,Friday,September,9,3,2014,2
20140906,2014-09-06,Saturday,September,9,3,2014,2
20140907,2014-09-07,Sunday,September,9,3,2014,2
20140908,2014-09-08,Monday,September,9,3,2014,2
20140909,2014-09-09,Tuesday,September,9,3,2014,2
20140910,2014-09-10,Wednesday,September,9,3,2014,2
20140911,2014-09-11,Thursday,September,9,3,2014,2
20140912,2014-09-12,Friday,September,9,3,2014,2
20140913,2014-09-13,Saturday,September,9,3,2014,2
20140914,2014-09-14,Sunday,September,9,3,2014,2
20140915,2014-09-15,Monday,September,9,3,2014,2
20140916,2014-09-16,Tuesday,September,9,3,2014,2
20140917,2014-09-17,Wednesday,September,9,3,2014,2
20140918,2014-09-18,Thursday,September,9,3,2014,2
20140919,2014-09-19,Friday,September,9,3,2014,2
20140920,2014-09-20,Saturday,September,9,3,2014,2
20140921,2014-09-21,Sunday,September,9,3,2014,2
20140922,2014-09-22,Monday,September,9,3,2014,2
20140923,2014-09-23,Tuesday,September,9,3,2014,2
20140924,2014-09-24,Wednesday,September,9,3,2014,2
20140925,2014-09-25,Thursday,September,9,3,2014,2
20140926,2014-09-26,Friday,September,9,3,2014,2
20140927,2014-09-27,Saturday,September,9,3,2014,2
20140928,2014-09-28,Sunday,September,9,3,2014,2
20140929,2014-09-29,Monday,September,9,3,2014,2
20140930,2014-09-30,Tuesday,September,9,3,2014,2
20141001,2014-10-01,Wednesday,October,10,4,2014,2
20141002,2014-10-02,Thursday,October,10,4,2014,2
20141003,2014-10-03,Friday,October,10,4,2014,2
20141004,2014-10-04,Saturday,October,10,4,2014,2
20141005,2014-10-05,Sunday,October,10,4,2014,2
20141006,2014-10-06,Monday,October,10,4,2014,2
20141007,2014-10-07,Tuesday,October,10,4,2014,2
20141008,2014-10-08,Wednesday,October,10,4,2014,2
20141009,2014-10-09,Thursday,October,10,4,2014,2
20141010,2014-10-10,Friday,October,10,4,2014,2
20141011,2014-10-11,Saturday,October,10,4,2014,2
20141012,2014-10-12,Sunday,October,10,4,2014,2
20141013,2014-10-13,Monday,October,10,4,2014,2
20141014,2014-10-14,Tuesday,October,10,4,2014,2
20141015,2014-10-15,Wednesday,October,10,4,2014,2
20141016,2014-10-16,Thursday,October,10,4,2014,2
20141017,2014-10-17,Friday,October,10,4,2014,2
20141018,2014-10-18,Saturday,October,10,4,2014,2
20141019,2014-10-19,Sunday,October,10,4,2014,2
20141020,2014-10-20,Monday,October,10,4,2014,2
20141021,2014-10-21,Tuesday,October,10,4,2014,2
20141022,2014-10-22,Wednesday,October,10,4,2014,2
20141023,2014-10-23,Thursday,October,10,4,2014,2
20141024,2014-10-24,Friday,October,10,4,2014,2
20141025,2014-10-25,Saturday,October,10,4,2014,2
20141026,2014-10-26,Sunday,October,10,4,2014,2
20141027,2014-10-27,Monday,October,10,4,2014,2
20141028,2014-10-28,Tuesday,October,10,4,2014,2
20141029,2014-10-29,Wednesday,October,10,4,2014,2
20141030,2014-10-30,Thursday,October,10,4,2014,2
20141031,2014-10-31,Friday,October,10,4,2014,2
20141101,2014-11-01,Saturday,November,11,4,2014,2
20141102,2014-11-02,Sunday,November,11,4,2014,2
20141103,2014-11-03,Monday,November,11,4,2014,2
20141104,2014-11-04,Tuesday,November,11,4,2014,2
20141105,2014-11-05,Wednesday,November,11,4,2014,2
20141106,2014-11-06,Thursday,November,11,4,2014,2
20141107,2014-11-07,Friday,November,11,4,2014,2
20141108,2014-11-08,Saturday,November,11,4,2014,2
20141109,2014-11-09,Sunday,November,11,4,2014,2
20141110,2014-11-10,Monday,November,11,4,2014,2
20141111,2014-11-11,Tuesday,November,11,4,2014,2
20141112,2014-11-12,Wednesday,November,11,4,2014,2
20141113,2014-11-13,Thursday,November,11,4,2014,2
20141114,2014-11-14,Friday,November,11,4,2014,2
20141115,2014-11-15,Saturday,November,11,4,2014,2
20141116,2014-11-16,Sunday,November,11,4,2014,2
20141117,2014-11-17,Monday,November,11,4,2014,2
20141118,2014-11-18,Tuesday,November,11,4,2014,2
20141119,2014-11-19,Wednesday,November,11,4,2014,2
20141120,2014-11-20,Thursday,November,11,4,2014,2
20141121,2014-11-21,Friday,November,11,4,2014,2
20141122,2014-11-22,Saturday,November,11,4,2014,2
20141123,2014-11-23,Sunday,November,11,4,2014,2
20141124,2014-11-24,Monday,November,11,4,2014,2
20141125,2014-11-25,Tuesday,November,11,4,2014,2
20141126,2014-11-26,Wednesday,November,11,4,2014,2
20141127,2014-11-27,Thursday,November,11,4,2014,2
20141128,2014-11-28,Friday,November,11,4,2014,2
20141129,2014-11-29,Saturday,November,11,4,2014,2
20141130,2014-11-30,Sunday,November,11,4,2014,2
20141201,2014-12-01,Monday,December,12,4,2014,2
20141202,2014-12-02,Tuesday,December,12,4,2014,2
20141203,2014-12-03,Wednesday,December,12,4,2014,2
20141204,2014-12-04,Thursday,December,12,4,2014,2
20141205,2014-12-05,Friday,December,12,4,2014,2
20141206,2014-12-06,Saturday,December,12,4,2014,2
20141207,2014-12-07,Sunday,December,12,4,2014,2
20141208,2014-12-08,Monday,December,12,4,2014,2
20141209,2014-12-09,Tuesday,December,12,4,2014,2
20141210,2014-12-10,Wednesday,December,12,4,2014,2
20141211,2014-12-11,Thursday,December,12,4,2014,2
20141212,2014-12-12,Friday,December,12,4,2014,2
20141213,2014-12-13,Saturday,December,12,4,2014,2
20141214,2014-12-14,Sunday,December,12,4,2014,2
20141215,2014-12-15,Monday,December,12,4,2014,2
20141216,2014-12-16,Tuesday,December,12,4,2014,2
20141217,2014-12-17,Wednesday,December,12,4,2014,2
20141218,2014-12-18,Thursday,December,12,4,2014,2
20141219,2014-12-19,Friday,December,12,4,2014,2
20141220,2014-12-20,Saturday,December,12,4,2014,2
20141221,2014-12-21,Sunday,December,12,4,2014,2
20141222,2014-12-22,Monday,December,12,4,2014,2
20141223,2014-12-23,Tuesday,December,12,4,2014,2
20141224,2014-12-24,Wednesday,December,12,4,2014,2
20141225,2014-12-25,Thursday,December,12,4,2014,2
20141226,2014-12-26,Friday,December,12,4,2014,2
20141227,2014-12-27,Saturday,December,12,4,2014,2
20141228,2014-12-28,Sunday,December,12,4,2014,2
20141229,2014-12-29,Monday,December,12,4,2014,2
20141230,2014-12-30,Tuesday,December,12,4,2014,2
20141231,2014-12-31,Wednesday,December,12,4,2014,2
20130101,2013-01-01,Tuesday,January,1,1,2013,1
20130102,2013-01-02,Wednesday,January,1,1,2013,1
20130103,2013-01-03,Thursday,January,1,1,2013,1
20130104,2013-01-04,Friday,January,1,1,2013,1
20130105,2013-01-05,Saturday,January,1,1,2013,1
20130106,2013-01-06,Sunday,January,1,1,2013,1
20130107,2013-01-07,Monday,January,1,1,2013,1
20130108,2013-01-08,Tuesday,January,1,1,2013,1
20130109,2013-01-09,Wednesday,January,1,1,2013,1
20130110,2013-01-10,Thursday,January,1,1,2013,1
20130111,2013-01-11,Friday,January,1,1,2013,1
20130112,2013-01-12,Saturday,January,1,1,2013,1
20130113,2013-01-13,Sunday,January,1,1,2013,1
20130114,2013-01-14,Monday,January,1,1,2013,1
20130115,2013-01-15,Tuesday,January,1,1,2013,1
20130116,2013-01-16,Wednesday,January,1,1,2013,1
20130117,2013-01-17,Thursday,January,1,1,2013,1
20130118,2013-01-18,Friday,January,1,1,2013,1
20130119,2013-01-19,Saturday,January,1,1,2013,1
20130120,2013-01-20,Sunday,January,1,1,2013,1
20130121,2013-01-21,Monday,January,1,1,2013,1
20130122,2013-01-22,Tuesday,January,1,1,2013,1
20130123,2013-01-23,Wednesday,January,1,1,2013,1
20130124,2013-01-24,Thursday,January,1,1,2013,1
20130125,2013-01-25,Friday,January,1,1,2013,1
20130126,2013-01-26,Saturday,January,1,1,2013,1
20130127,2013-01-27,Sunday,January,1,1,2013,1
20130128,2013-01-28,Monday,January,1,1,2013,1
20130129,2013-01-29,Tuesday,January,1,1,2013,1
20130130,2013-01-30,Wednesday,January,1,1,2013,1
20130131,2013-01-31,Thursday,January,1,1,2013,1
20130201,2013-02-01,Friday,February,2,1,2013,1
20130202,2013-02-02,Saturday,February,2,1,2013,1
20130203,2013-02-03,Sunday,February,2,1,2013,1
20130204,2013-02-04,Monday,February,2,1,2013,1
20130205,2013-02-05,Tuesday,February,2,1,2013,1
20130206,2013-02-06,Wednesday,February,2,1,2013,1
20130207,2013-02-07,Thursday,February,2,1,2013,1
20130208,2013-02-08,Friday,February,2,1,2013,1
20130209,2013-02-09,Saturday,February,2,1,2013,1
20130210,2013-02-10,Sunday,February,2,1,2013,1
20130211,2013-02-11,Monday,February,2,1,2013,1
20130212,2013-02-12,Tuesday,February,2,1,2013,1
20130213,2013-02-13,Wednesday,February,2,1,2013,1
20130214,2013-02-14,Thursday,February,2,1,2013,1
20130215,2013-02-15,Friday,February,2,1,2013,1
20130216,2013-02-16,Saturday,February,2,1,2013,1
20130217,2013-02-17,Sunday,February,2,1,2013,1
20130218,2013-02-18,Monday,February,2,1,2013,1
20130219,2013-02-19,Tuesday,February,2,1,2013,1
20130220,2013-02-20,Wednesday,February,2,1,2013,1
20130221,2013-02-21,Thursday,February,2,1,2013,1
20130222,2013-02-22,Friday,February,2,1,2013,1
20130223,2013-02-23,Saturday,February,2,1,2013,1
20130224,2013-02-24,Sunday,February,2,1,2013,1
20130225,2013-02-25,Monday,February,2,1,2013,1
20130226,2013-02-26,Tuesday,February,2,1,2013,1
20130227,2013-02-27,Wednesday,February,2,1,2013,1
20130228,2013-02-28,Thursday,February,2,1,2013,1
20130301,2013-03-01,Friday,March,3,1,2013,1
20130302,2013-03-02,Saturday,March,3,1,2013,1
20130303,2013-03-03,Sunday,March,3,1,2013,1
20130304,2013-03-04,Monday,March,3,1,2013,1
20130305,2013-03-05,Tuesday,March,3,1,2013,1
20130306,2013-03-06,Wednesday,March,3,1,2013,1
20130307,2013-03-07,Thursday,March,3,1,2013,1
20130308,2013-03-08,Friday,March,3,1,2013,1
20130309,2013-03-09,Saturday,March,3,1,2013,1
20130310,2013-03-10,Sunday,March,3,1,2013,1
20130311,2013-03-11,Monday,March,3,1,2013,1
20130312,2013-03-12,Tuesday,March,3,1,2013,1
20130313,2013-03-13,Wednesday,March,3,1,2013,1
20130314,2013-03-14,Thursday,March,3,1,2013,1
20130315,2013-03-15,Friday,March,3,1,2013,1
20130316,2013-03-16,Saturday,March,3,1,2013,1
20130317,2013-03-17,Sunday,March,3,1,2013,1
20130318,2013-03-18,Monday,March,3,1,2013,1
20130319,2013-03-19,Tuesday,March,3,1,2013,1
20130320,2013-03-20,Wednesday,March,3,1,2013,1
20130321,2013-03-21,Thursday,March,3,1,2013,1
20130322,2013-03-22,Friday,March,3,1,2013,1
20130323,2013-03-23,Saturday,March,3,1,2013,1
20130324,2013-03-24,Sunday,March,3,1,2013,1
20130325,2013-03-25,Monday,March,3,1,2013,1
20130326,2013-03-26,Tuesday,March,3,1,2013,1
20130327,2013-03-27,Wednesday,March,3,1,2013,1
20130328,2013-03-28,Thursday,March,3,1,2013,1
20130329,2013-03-29,Friday,March,3,1,2013,1
20130330,2013-03-30,Saturday,March,3,1,2013,1
20130331,2013-03-31,Sunday,March,3,1,2013,1
20130401,2013-04-01,Monday,April,4,2,2013,1
20130402,2013-04-02,Tuesday,April,4,2,2013,1
20130403,2013-04-03,Wednesday,April,4,2,2013,1
20130404,2013-04-04,Thursday,April,4,2,2013,1
20130405,2013-04-05,Friday,April,4,2,2013,1
20130406,2013-04-06,Saturday,April,4,2,2013,1
20130407,2013-04-07,Sunday,April,4,2,2013,1
20130408,2013-04-08,Monday,April,4,2,2013,1
20130409,2013-04-09,Tuesday,April,4,2,2013,1
20130410,2013-04-10,Wednesday,April,4,2,2013,1
20130411,2013-04-11,Thursday,April,4,2,2013,1
20130412,2013-04-12,Friday,April,4,2,2013,1
20130413,2013-04-13,Saturday,April,4,2,2013,1
20130414,2013-04-14,Sunday,April,4,2,2013,1
20130415,2013-04-15,Monday,April,4,2,2013,1
20130416,2013-04-16,Tuesday,April,4,2,2013,1
20130417,2013-04-17,Wednesday,April,4,2,2013,1
20130418,2013-04-18,Thursday,April,4,2,2013,1
20130419,2013-04-19,Friday,April,4,2,2013,1
20130420,2013-04-20,Saturday,April,4,2,2013,1
20130421,2013-04-21,Sunday,April,4,2,2013,1
20130422,2013-04-22,Monday,April,4,2,2013,1
20130423,2013-04-23,Tuesday,April,4,2,2013,1
20130424,2013-04-24,Wednesday,April,4,2,2013,1
20130425,2013-04-25,Thursday,April,4,2,2013,1
20130426,2013-04-26,Friday,April,4,2,2013,1
20130427,2013-04-27,Saturday,April,4,2,2013,1
20130428,2013-04-28,Sunday,April,4,2,2013,1
20130429,2013-04-29,Monday,April,4,2,2013,1
20130430,2013-04-30,Tuesday,April,4,2,2013,1
20130501,2013-05-01,Wednesday,May,5,2,2013,1
20130502,2013-05-02,Thursday,May,5,2,2013,1
20130503,2013-05-03,Friday,May,5,2,2013,1
20130504,2013-05-04,Saturday,May,5,2,2013,1
20130505,2013-05-05,Sunday,May,5,2,2013,1
20130506,2013-05-06,Monday,May,5,2,2013,1
20130507,2013-05-07,Tuesday,May,5,2,2013,1
20130508,2013-05-08,Wednesday,May,5,2,2013,1
20130509,2013-05-09,Thursday,May,5,2,2013,1
20130510,2013-05-10,Friday,May,5,2,2013,1
20130511,2013-05-11,Saturday,May,5,2,2013,1
20130512,2013-05-12,Sunday,May,5,2,2013,1
20130513,2013-05-13,Monday,May,5,2,2013,1
20130514,2013-05-14,Tuesday,May,5,2,2013,1
20130515,2013-05-15,Wednesday,May,5,2,2013,1
20130516,2013-05-16,Thursday,May,5,2,2013,1
20130517,2013-05-17,Friday,May,5,2,2013,1
20130518,2013-05-18,Saturday,May,5,2,2013,1
20130519,2013-05-19,Sunday,May,5,2,2013,1
20130520,2013-05-20,Monday,May,5,2,2013,1
20130521,2013-05-21,Tuesday,May,5,2,2013,1
20130522,2013-05-22,Wednesday,May,5,2,2013,1
20130523,2013-05-23,Thursday,May,5,2,2013,1
20130524,2013-05-24,Friday,May,5,2,2013,1
20130525,2013-05-25,Saturday,May,5,2,2013,1
20130526,2013-05-26,Sunday,May,5,2,2013,1
20130527,2013-05-27,Monday,May,5,2,2013,1
20130528,2013-05-28,Tuesday,May,5,2,2013,1
20130529,2013-05-29,Wednesday,May,5,2,2013,1
20130530,2013-05-30,Thursday,May,5,2,2013,1
20130531,2013-05-31,Friday,May,5,2,2013,1
20130601,2013-06-01,Saturday,June,6,2,2013,1
20130602,2013-06-02,Sunday,June,6,2,2013,1
20130603,2013-06-03,Monday,June,6,2,2013,1
20130604,2013-06-04,Tuesday,June,6,2,2013,1
20130605,2013-06-05,Wednesday,June,6,2,2013,1
20130606,2013-06-06,Thursday,June,6,2,2013,1
20130607,2013-06-07,Friday,June,6,2,2013,1
20130608,2013-06-08,Saturday,June,6,2,2013,1
20130609,2013-06-09,Sunday,June,6,2,2013,1
20130610,2013-06-10,Monday,June,6,2,2013,1
20130611,2013-06-11,Tuesday,June,6,2,2013,1
20130612,2013-06-12,Wednesday,June,6,2,2013,1
20130613,2013-06-13,Thursday,June,6,2,2013,1
20130614,2013-06-14,Friday,June,6,2,2013,1
20130615,2013-06-15,Saturday,June,6,2,2013,1
20130616,2013-06-16,Sunday,June,6,2,2013,1
20130617,2013-06-17,Monday,June,6,2,2013,1
20130618,2013-06-18,Tuesday,June,6,2,2013,1
20130619,2013-06-19,Wednesday,June,6,2,2013,1
20130620,2013-06-20,Thursday,June,6,2,2013,1
20130621,2013-06-21,Friday,June,6,2,2013,1
20130622,2013-06-22,Saturday,June,6,2,2013,1
20130623,2013-06-23,Sunday,June,6,2,2013,1
20130624,2013-06-24,Monday,June,6,2,2013,1
20130625,2013-06-25,Tuesday,June,6,2,2013,1
20130626,2013-06-26,Wednesday,June,6,2,2013,1
20130627,2013-06-27,Thursday,June,6,2,2013,1
20130628,2013-06-28,Friday,June,6,2,2013,1
20130629,2013-06-29,Saturday,June,6,2,2013,1
20130630,2013-06-30,Sunday,June,6,2,2013,1
20130701,2013-07-01,Monday,July,7,3,2013,2
20130702,2013-07-02,Tuesday,July,7,3,2013,2
20130703,2013-07-03,Wednesday,July,7,3,2013,2
20130704,2013-07-04,Thursday,July,7,3,2013,2
20130705,2013-07-05,Friday,July,7,3,2013,2
20130706,2013-07-06,Saturday,July,7,3,2013,2
20130707,2013-07-07,Sunday,July,7,3,2013,2
20130708,2013-07-08,Monday,July,7,3,2013,2
20130709,2013-07-09,Tuesday,July,7,3,2013,2
20130710,2013-07-10,Wednesday,July,7,3,2013,2
20130711,2013-07-11,Thursday,July,7,3,2013,2
20130712,2013-07-12,Friday,July,7,3,2013,2
20130713,2013-07-13,Saturday,July,7,3,2013,2
20130714,2013-07-14,Sunday,July,7,3,2013,2
20130715,2013-07-15,Monday,July,7,3,2013,2
20130716,2013-07-16,Tuesday,July,7,3,2013,2
20130717,2013-07-17,Wednesday,July,7,3,2013,2
20130718,2013-07-18,Thursday,July,7,3,2013,2
20130719,2013-07-19,Friday,July,7,3,2013,2
20130720,2013-07-20,Saturday,July,7,3,2013,2
20130721,2013-07-21,Sunday,July,7,3,2013,2
20130722,2013-07-22,Monday,July,7,3,2013,2
20130723,2013-07-23,Tuesday,July,7,3,2013,2
20130724,2013-07-24,Wednesday,July,7,3,2013,2
20130725,2013-07-25,Thursday,July,7,3,2013,2
20130726,2013-07-26,Friday,July,7,3,2013,2
20130727,2013-07-27,Saturday,July,7,3,2013,2
20130728,2013-07-28,Sunday,July,7,3,2013,2
20130729,2013-07-29,Monday,July,7,3,2013,2
20130730,2013-07-30,Tuesday,July,7,3,2013,2
20130731,2013-07-31,Wednesday,July,7,3,2013,2
20130801,2013-08-01,Thursday,August,8,3,2013,2
20130802,2013-08-02,Friday,August,8,3,2013,2
20130803,2013-08-03,Saturday,August,8,3,2013,2
20130804,2013-08-04,Sunday,August,8,3,2013,2
20130805,2013-08-05,Monday,August,8,3,2013,2
20130806,2013-08-06,Tuesday,August,8,3,2013,2
20130807,2013-08-07,Wednesday,August,8,3,2013,2
20130808,2013-08-08,Thursday,August,8,3,2013,2
20130809,2013-08-09,Friday,August,8,3,2013,2
20130810,2013-08-10,Saturday,August,8,3,2013,2
20130811,2013-08-11,Sunday,August,8,3,2013,2
20130812,2013-08-12,Monday,August,8,3,2013,2
20130813,2013-08-13,Tuesday,August,8,3,2013,2
20130814,2013-08-14,Wednesday,August,8,3,2013,2
20130815,2013-08-15,Thursday,August,8,3,2013,2
20130816,2013-08-16,Friday,August,8,3,2013,2
20130817,2013-08-17,Saturday,August,8,3,2013,2
20130818,2013-08-18,Sunday,August,8,3,2013,2
20130819,2013-08-19,Monday,August,8,3,2013,2
20130820,2013-08-20,Tuesday,August,8,3,2013,2
20130821,2013-08-21,Wednesday,August,8,3,2013,2
20130822,2013-08-22,Thursday,August,8,3,2013,2
20130823,2013-08-23,Friday,August,8,3,2013,2
20130824,2013-08-24,Saturday,August,8,3,2013,2
20130825,2013-08-25,Sunday,August,8,3,2013,2
20130826,2013-08-26,Monday,August,8,3,2013,2
20130827,2013-08-27,Tuesday,August,8,3,2013,2
20130828,2013-08-28,Wednesday,August,8,3,2013,2
20130829,2013-08-29,Thursday,August,8,3,2013,2
20130830,2013-08-30,Friday,August,8,3,2013,2
20130831,2013-08-31,Saturday,August,8,3,2013,2
20130901,2013-09-01,Sunday,September,9,3,2013,2
20130902,2013-09-02,Monday,September,9,3,2013,2
20130903,2013-09-03,Tuesday,September,9,3,2013,2
20130904,2013-09-04,Wednesday,September,9,3,2013,2
20130905,2013-09-05,Thursday,September,9,3,2013,2
20130906,2013-09-06,Friday,September,9,3,2013,2
20130907,2013-09-07,Saturday,September,9,3,2013,2
20130908,2013-09-08,Sunday,September,9,3,2013,2
20130909,2013-09-09,Monday,September,9,3,2013,2
20130910,2013-09-10,Tuesday,September,9,3,2013,2
20130911,2013-09-11,Wednesday,September,9,3,2013,2
20130912,2013-09-12,Thursday,September,9,3,2013,2
20130913,2013-09-13,Friday,September,9,3,2013,2
20130914,2013-09-14,Saturday,September,9,3,2013,2
20130915,2013-09-15,Sunday,September,9,3,2013,2
20130916,2013-09-16,Monday,September,9,3,2013,2
20130917,2013-09-17,Tuesday,September,9,3,2013,2
20130918,2013-09-18,Wednesday,September,9,3,2013,2
20130919,2013-09-19,Thursday,September,9,3,2013,2
20130920,2013-09-20,Friday,September,9,3,2013,2
20130921,2013-09-21,Saturday,September,9,3,2013,2
20130922,2013-09-22,Sunday,September,9,3,2013,2
20130923,2013-09-23,Monday,September,9,3,2013,2
20130924,2013-09-24,Tuesday,September,9,3,2013,2
20130925,2013-09-25,Wednesday,September,9,3,2013,2
20130926,2013-09-26,Thursday,September,9,3,2013,2
20130927,2013-09-27,Friday,September,9,3,2013,2
20130928,2013-09-28,Saturday,September,9,3,2013,2
20130929,2013-09-29,Sunday,September,9,3,2013,2
20130930,2013-09-30,Monday,September,9,3,2013,2
20131001,2013-10-01,Tuesday,October,10,4,2013,2
20131002,2013-10-02,Wednesday,October,10,4,2013,2
20131003,2013-10-03,Thursday,October,10,4,2013,2
20131004,2013-10-04,Friday,October,10,4,2013,2
20131005,2013-10-05,Saturday,October,10,4,2013,2
20131006,2013-10-06,Sunday,October,10,4,2013,2
20131007,2013-10-07,Monday,October,10,4,2013,2
20131008,2013-10-08,Tuesday,October,10,4,2013,2
20131009,2013-10-09,Wednesday,October,10,4,2013,2
20131010,2013-10-10,Thursday,October,10,4,2013,2
20131011,2013-10-11,Friday,October,10,4,2013,2
20131012,2013-10-12,Saturday,October,10,4,2013,2
20131013,2013-10-13,Sunday,October,10,4,2013,2
20131014,2013-10-14,Monday,October,10,4,2013,2
20131015,2013-10-15,Tuesday,October,10,4,2013,2
20131016,2013-10-16,Wednesday,October,10,4,2013,2
20131017,2013-10-17,Thursday,October,10,4,2013,2
20131018,2013-10-18,Friday,October,10,4,2013,2
20131019,2013-10-19,Saturday,October,10,4,2013,2
20131020,2013-10-20,Sunday,October,10,4,2013,2
20131021,2013-10-21,Monday,October,10,4,2013,2
20131022,2013-10-22,Tuesday,October,10,4,2013,2
20131023,2013-10-23,Wednesday,October,10,4,2013,2
20131024,2013-10-24,Thursday,October,10,4,2013,2
20131025,2013-10-25,Friday,October,10,4,2013,2
20131026,2013-10-26,Saturday,October,10,4,2013,2
20131027,2013-10-27,Sunday,October,10,4,2013,2
20131028,2013-10-28,Monday,October,10,4,2013,2
20131029,2013-10-29,Tuesday,October,10,4,2013,2
20131030,2013-10-30,Wednesday,October,10,4,2013,2
20131031,2013-10-31,Thursday,October,10,4,2013,2
20131101,2013-11-01,Friday,November,11,4,2013,2
20131102,2013-11-02,Saturday,November,11,4,2013,2
20131103,2013-11-03,Sunday,November,11,4,2013,2
20131104,2013-11-04,Monday,November,11,4,2013,2
20131105,2013-11-05,Tuesday,November,11,4,2013,2
20131106,2013-11-06,Wednesday,November,11,4,2013,2
20131107,2013-11-07,Thursday,November,11,4,2013,2
20131108,2013-11-08,Friday,November,11,4,2013,2
20131109,2013-11-09,Saturday,November,11,4,2013,2
20131110,2013-11-10,Sunday,November,11,4,2013,2
20131111,2013-11-11,Monday,November,11,4,2013,2
20131112,2013-11-12,Tuesday,November,11,4,2013,2
20131113,2013-11-13,Wednesday,November,11,4,2013,2
20131114,2013-11-14,Thursday,November,11,4,2013,2
20131115,2013-11-15,Friday,November,11,4,2013,2
20131116,2013-11-16,Saturday,November,11,4,2013,2
20131117,2013-11-17,Sunday,November,11,4,2013,2
20131118,2013-11-18,Monday,November,11,4,2013,2
20131119,2013-11-19,Tuesday,November,11,4,2013,2
20131120,2013-11-20,Wednesday,November,11,4,2013,2
20131121,2013-11-21,Thursday,November,11,4,2013,2
20131122,2013-11-22,Friday,November,11,4,2013,2
20131123,2013-11-23,Saturday,November,11,4,2013,2
20131124,2013-11-24,Sunday,November,11,4,2013,2
20131125,2013-11-25,Monday,November,11,4,2013,2
20131126,2013-11-26,Tuesday,November,11,4,2013,2
20131127,2013-11-27,Wednesday,November,11,4,2013,2
20131128,2013-11-28,Thursday,November,11,4,2013,2
20131129,2013-11-29,Friday,November,11,4,2013,2
20131130,2013-11-30,Saturday,November,11,4,2013,2
20131201,2013-12-01,Sunday,December,12,4,2013,2
20131202,2013-12-02,Monday,December,12,4,2013,2
20131203,2013-12-03,Tuesday,December,12,4,2013,2
20131204,2013-12-04,Wednesday,December,12,4,2013,2
20131205,2013-12-05,Thursday,December,12,4,2013,2
20131206,2013-12-06,Friday,December,12,4,2013,2
20131207,2013-12-07,Saturday,December,12,4,2013,2
20131208,2013-12-08,Sunday,December,12,4,2013,2
20131209,2013-12-09,Monday,December,12,4,2013,2
20131210,2013-12-10,Tuesday,December,12,4,2013,2
20131211,2013-12-11,Wednesday,December,12,4,2013,2
20131212,2013-12-12,Thursday,December,12,4,2013,2
20131213,2013-12-13,Friday,December,12,4,2013,2
20131214,2013-12-14,Saturday,December,12,4,2013,2
20131215,2013-12-15,Sunday,December,12,4,2013,2
20131216,2013-12-16,Monday,December,12,4,2013,2
20131217,2013-12-17,Tuesday,December,12,4,2013,2
20131218,2013-12-18,Wednesday,December,12,4,2013,2
20131219,2013-12-19,Thursday,December,12,4,2013,2
20131220,2013-12-20,Friday,December,12,4,2013,2
20131221,2013-12-21,Saturday,December,12,4,2013,2
20131222,2013-12-22,Sunday,December,12,4,2013,2
20131223,2013-12-23,Monday,December,12,4,2013,2
20131224,2013-12-24,Tuesday,December,12,4,2013,2
20131225,2013-12-25,Wednesday,December,12,4,2013,2
20131226,2013-12-26,Thursday,December,12,4,2013,2
20131227,2013-12-27,Friday,December,12,4,2013,2
20131228,2013-12-28,Saturday,December,12,4,2013,2
20131229,2013-12-29,Sunday,December,12,4,2013,2
20131230,2013-12-30,Monday,December,12,4,2013,2
20131231,2013-12-31,Tuesday,December,12,4,2013,2
20120101,2012-01-01,Sunday,January,1,1,2012,1
20120102,2012-01-02,Monday,January,1,1,2012,1
20120103,2012-01-03,Tuesday,January,1,1,2012,1
20120104,2012-01-04,Wednesday,January,1,1,2012,1
20120105,2012-01-05,Thursday,January,1,1,2012,1
20120106,2012-01-06,Friday,January,1,1,2012,1
20120107,2012-01-07,Saturday,January,1,1,2012,1
20120108,2012-01-08,Sunday,January,1,1,2012,1
20120109,2012-01-09,Monday,January,1,1,2012,1
20120110,2012-01-10,Tuesday,January,1,1,2012,1
20120111,2012-01-11,Wednesday,January,1,1,2012,1
20120112,2012-01-12,Thursday,January,1,1,2012,1
20120113,2012-01-13,Friday,January,1,1,2012,1
20120114,2012-01-14,Saturday,January,1,1,2012,1
20120115,2012-01-15,Sunday,January,1,1,2012,1
20120116,2012-01-16,Monday,January,1,1,2012,1
20120117,2012-01-17,Tuesday,January,1,1,2012,1
20120118,2012-01-18,Wednesday,January,1,1,2012,1
20120119,2012-01-19,Thursday,January,1,1,2012,1
20120120,2012-01-20,Friday,January,1,1,2012,1
20120121,2012-01-21,Saturday,January,1,1,2012,1
20120122,2012-01-22,Sunday,January,1,1,2012,1
20120123,2012-01-23,Monday,January,1,1,2012,1
20120124,2012-01-24,Tuesday,January,1,1,2012,1
20120125,2012-01-25,Wednesday,January,1,1,2012,1
20120126,2012-01-26,Thursday,January,1,1,2012,1
20120127,2012-01-27,Friday,January,1,1,2012,1
20120128,2012-01-28,Saturday,January,1,1,2012,1
20120129,2012-01-29,Sunday,January,1,1,2012,1
20120130,2012-01-30,Monday,January,1,1,2012,1
20120131,2012-01-31,Tuesday,January,1,1,2012,1
20120201,2012-02-01,Wednesday,February,2,1,2012,1
20120202,2012-02-02,Thursday,February,2,1,2012,1
20120203,2012-02-03,Friday,February,2,1,2012,1
20120204,2012-02-04,Saturday,February,2,1,2012,1
20120205,2012-02-05,Sunday,February,2,1,2012,1
20120206,2012-02-06,Monday,February,2,1,2012,1
20120207,2012-02-07,Tuesday,February,2,1,2012,1
20120208,2012-02-08,Wednesday,February,2,1,2012,1
20120209,2012-02-09,Thursday,February,2,1,2012,1
20120210,2012-02-10,Friday,February,2,1,2012,1
20120211,2012-02-11,Saturday,February,2,1,2012,1
20120212,2012-02-12,Sunday,February,2,1,2012,1
20120213,2012-02-13,Monday,February,2,1,2012,1
20120214,2012-02-14,Tuesday,February,2,1,2012,1
20120215,2012-02-15,Wednesday,February,2,1,2012,1
20120216,2012-02-16,Thursday,February,2,1,2012,1
20120217,2012-02-17,Friday,February,2,1,2012,1
20120218,2012-02-18,Saturday,February,2,1,2012,1
20120219,2012-02-19,Sunday,February,2,1,2012,1
20120220,2012-02-20,Monday,February,2,1,2012,1
20120221,2012-02-21,Tuesday,February,2,1,2012,1
20120222,2012-02-22,Wednesday,February,2,1,2012,1
20120223,2012-02-23,Thursday,February,2,1,2012,1
20120224,2012-02-24,Friday,February,2,1,2012,1
20120225,2012-02-25,Saturday,February,2,1,2012,1
20120226,2012-02-26,Sunday,February,2,1,2012,1
20120227,2012-02-27,Monday,February,2,1,2012,1
20120228,2012-02-28,Tuesday,February,2,1,2012,1
20120229,2012-02-29,Wednesday,February,2,1,2012,1
20120301,2012-03-01,Thursday,March,3,1,2012,1
20120302,2012-03-02,Friday,March,3,1,2012,1
20120303,2012-03-03,Saturday,March,3,1,2012,1
20120304,2012-03-04,Sunday,March,3,1,2012,1
20120305,2012-03-05,Monday,March,3,1,2012,1
20120306,2012-03-06,Tuesday,March,3,1,2012,1
20120307,2012-03-07,Wednesday,March,3,1,2012,1
20120308,2012-03-08,Thursday,March,3,1,2012,1
20120309,2012-03-09,Friday,March,3,1,2012,1
20120310,2012-03-10,Saturday,March,3,1,2012,1
20120311,2012-03-11,Sunday,March,3,1,2012,1
20120312,2012-03-12,Monday,March,3,1,2012,1
20120313,2012-03-13,Tuesday,March,3,1,2012,1
20120314,2012-03-14,Wednesday,March,3,1,2012,1
20120315,2012-03-15,Thursday,March,3,1,2012,1
20120316,2012-03-16,Friday,March,3,1,2012,1
20120317,2012-03-17,Saturday,March,3,1,2012,1
20120318,2012-03-18,Sunday,March,3,1,2012,1
20120319,2012-03-19,Monday,March,3,1,2012,1
20120320,2012-03-20,Tuesday,March,3,1,2012,1
20120321,2012-03-21,Wednesday,March,3,1,2012,1
20120322,2012-03-22,Thursday,March,3,1,2012,1
20120323,2012-03-23,Friday,March,3,1,2012,1
20120324,2012-03-24,Saturday,March,3,1,2012,1
20120325,2012-03-25,Sunday,March,3,1,2012,1
20120326,2012-03-26,Monday,March,3,1,2012,1
20120327,2012-03-27,Tuesday,March,3,1,2012,1
20120328,2012-03-28,Wednesday,March,3,1,2012,1
20120329,2012-03-29,Thursday,March,3,1,2012,1
20120330,2012-03-30,Friday,March,3,1,2012,1
20120331,2012-03-31,Saturday,March,3,1,2012,1
20120401,2012-04-01,Sunday,April,4,2,2012,1
20120402,2012-04-02,Monday,April,4,2,2012,1
20120403,2012-04-03,Tuesday,April,4,2,2012,1
20120404,2012-04-04,Wednesday,April,4,2,2012,1
20120405,2012-04-05,Thursday,April,4,2,2012,1
20120406,2012-04-06,Friday,April,4,2,2012,1
20120407,2012-04-07,Saturday,April,4,2,2012,1
20120408,2012-04-08,Sunday,April,4,2,2012,1
20120409,2012-04-09,Monday,April,4,2,2012,1
20120410,2012-04-10,Tuesday,April,4,2,2012,1
20120411,2012-04-11,Wednesday,April,4,2,2012,1
20120412,2012-04-12,Thursday,April,4,2,2012,1
20120413,2012-04-13,Friday,April,4,2,2012,1
20120414,2012-04-14,Saturday,April,4,2,2012,1
20120415,2012-04-15,Sunday,April,4,2,2012,1
20120416,2012-04-16,Monday,April,4,2,2012,1
20120417,2012-04-17,Tuesday,April,4,2,2012,1
20120418,2012-04-18,Wednesday,April,4,2,2012,1
20120419,2012-04-19,Thursday,April,4,2,2012,1
20120420,2012-04-20,Friday,April,4,2,2012,1
20120421,2012-04-21,Saturday,April,4,2,2012,1
20120422,2012-04-22,Sunday,April,4,2,2012,1
20120423,2012-04-23,Monday,April,4,2,2012,1
20120424,2012-04-24,Tuesday,April,4,2,2012,1
20120425,2012-04-25,Wednesday,April,4,2,2012,1
20120426,2012-04-26,Thursday,April,4,2,2012,1
20120427,2012-04-27,Friday,April,4,2,2012,1
20120428,2012-04-28,Saturday,April,4,2,2012,1
20120429,2012-04-29,Sunday,April,4,2,2012,1
20120430,2012-04-30,Monday,April,4,2,2012,1
20120501,2012-05-01,Tuesday,May,5,2,2012,1
20120502,2012-05-02,Wednesday,May,5,2,2012,1
20120503,2012-05-03,Thursday,May,5,2,2012,1
20120504,2012-05-04,Friday,May,5,2,2012,1
20120505,2012-05-05,Saturday,May,5,2,2012,1
20120506,2012-05-06,Sunday,May,5,2,2012,1
20120507,2012-05-07,Monday,May,5,2,2012,1
20120508,2012-05-08,Tuesday,May,5,2,2012,1
20120509,2012-05-09,Wednesday,May,5,2,2012,1
20120510,2012-05-10,Thursday,May,5,2,2012,1
20120511,2012-05-11,Friday,May,5,2,2012,1
20120512,2012-05-12,Saturday,May,5,2,2012,1
20120513,2012-05-13,Sunday,May,5,2,2012,1
20120514,2012-05-14,Monday,May,5,2,2012,1
20120515,2012-05-15,Tuesday,May,5,2,2012,1
20120516,2012-05-16,Wednesday,May,5,2,2012,1
20120517,2012-05-17,Thursday,May,5,2,2012,1
20120518,2012-05-18,Friday,May,5,2,2012,1
20120519,2012-05-19,Saturday,May,5,2,2012,1
20120520,2012-05-20,Sunday,May,5,2,2012,1
20120521,2012-05-21,Monday,May,5,2,2012,1
20120522,2012-05-22,Tuesday,May,5,2,2012,1
20120523,2012-05-23,Wednesday,May,5,2,2012,1
20120524,2012-05-24,Thursday,May,5,2,2012,1
20120525,2012-05-25,Friday,May,5,2,2012,1
20120526,2012-05-26,Saturday,May,5,2,2012,1
20120527,2012-05-27,Sunday,May,5,2,2012,1
20120528,2012-05-28,Monday,May,5,2,2012,1
20120529,2012-05-29,Tuesday,May,5,2,2012,1
20120530,2012-05-30,Wednesday,May,5,2,2012,1
20120531,2012-05-31,Thursday,May,5,2,2012,1
20120601,2012-06-01,Friday,June,6,2,2012,1
20120602,2012-06-02,Saturday,June,6,2,2012,1
20120603,2012-06-03,Sunday,June,6,2,2012,1
20120604,2012-06-04,Monday,June,6,2,2012,1
20120605,2012-06-05,Tuesday,June,6,2,2012,1
20120606,2012-06-06,Wednesday,June,6,2,2012,1
20120607,2012-06-07,Thursday,June,6,2,2012,1
20120608,2012-06-08,Friday,June,6,2,2012,1
20120609,2012-06-09,Saturday,June,6,2,2012,1
20120610,2012-06-10,Sunday,June,6,2,2012,1
20120611,2012-06-11,Monday,June,6,2,2012,1
20120612,2012-06-12,Tuesday,June,6,2,2012,1
20120613,2012-06-13,Wednesday,June,6,2,2012,1
20120614,2012-06-14,Thursday,June,6,2,2012,1
20120615,2012-06-15,Friday,June,6,2,2012,1
20120616,2012-06-16,Saturday,June,6,2,2012,1
20120617,2012-06-17,Sunday,June,6,2,2012,1
20120618,2012-06-18,Monday,June,6,2,2012,1
20120619,2012-06-19,Tuesday,June,6,2,2012,1
20120620,2012-06-20,Wednesday,June,6,2,2012,1
20120621,2012-06-21,Thursday,June,6,2,2012,1
20120622,2012-06-22,Friday,June,6,2,2012,1
20120623,2012-06-23,Saturday,June,6,2,2012,1
20120624,2012-06-24,Sunday,June,6,2,2012,1
20120625,2012-06-25,Monday,June,6,2,2012,1
20120626,2012-06-26,Tuesday,June,6,2,2012,1
20120627,2012-06-27,Wednesday,June,6,2,2012,1
20120628,2012-06-28,Thursday,June,6,2,2012,1
20120629,2012-06-29,Friday,June,6,2,2012,1
20120630,2012-06-30,Saturday,June,6,2,2012,1
20120701,2012-07-01,Sunday,July,7,3,2012,2
20120702,2012-07-02,Monday,July,7,3,2012,2
20120703,2012-07-03,Tuesday,July,7,3,2012,2
20120704,2012-07-04,Wednesday,July,7,3,2012,2
20120705,2012-07-05,Thursday,July,7,3,2012,2
20120706,2012-07-06,Friday,July,7,3,2012,2
20120707,2012-07-07,Saturday,July,7,3,2012,2
20120708,2012-07-08,Sunday,July,7,3,2012,2
20120709,2012-07-09,Monday,July,7,3,2012,2
20120710,2012-07-10,Tuesday,July,7,3,2012,2
20120711,2012-07-11,Wednesday,July,7,3,2012,2
20120712,2012-07-12,Thursday,July,7,3,2012,2
20120713,2012-07-13,Friday,July,7,3,2012,2
20120714,2012-07-14,Saturday,July,7,3,2012,2
20120715,2012-07-15,Sunday,July,7,3,2012,2
20120716,2012-07-16,Monday,July,7,3,2012,2
20120717,2012-07-17,Tuesday,July,7,3,2012,2
20120718,2012-07-18,Wednesday,July,7,3,2012,2
20120719,2012-07-19,Thursday,July,7,3,2012,2
20120720,2012-07-20,Friday,July,7,3,2012,2
20120721,2012-07-21,Saturday,July,7,3,2012,2
20120722,2012-07-22,Sunday,July,7,3,2012,2
20120723,2012-07-23,Monday,July,7,3,2012,2
20120724,2012-07-24,Tuesday,July,7,3,2012,2
20120725,2012-07-25,Wednesday,July,7,3,2012,2
20120726,2012-07-26,Thursday,July,7,3,2012,2
20120727,2012-07-27,Friday,July,7,3,2012,2
20120728,2012-07-28,Saturday,July,7,3,2012,2
20120729,2012-07-29,Sunday,July,7,3,2012,2
20120730,2012-07-30,Monday,July,7,3,2012,2
20120731,2012-07-31,Tuesday,July,7,3,2012,2
20120801,2012-08-01,Wednesday,August,8,3,2012,2
20120802,2012-08-02,Thursday,August,8,3,2012,2
20120803,2012-08-03,Friday,August,8,3,2012,2
20120804,2012-08-04,Saturday,August,8,3,2012,2
20120805,2012-08-05,Sunday,August,8,3,2012,2
20120806,2012-08-06,Monday,August,8,3,2012,2
20120807,2012-08-07,Tuesday,August,8,3,2012,2
20120808,2012-08-08,Wednesday,August,8,3,2012,2
20120809,2012-08-09,Thursday,August,8,3,2012,2
20120810,2012-08-10,Friday,August,8,3,2012,2
20120811,2012-08-11,Saturday,August,8,3,2012,2
20120812,2012-08-12,Sunday,August,8,3,2012,2
20120813,2012-08-13,Monday,August,8,3,2012,2
20120814,2012-08-14,Tuesday,August,8,3,2012,2
20120815,2012-08-15,Wednesday,August,8,3,2012,2
20120816,2012-08-16,Thursday,August,8,3,2012,2
20120817,2012-08-17,Friday,August,8,3,2012,2
20120818,2012-08-18,Saturday,August,8,3,2012,2
20120819,2012-08-19,Sunday,August,8,3,2012,2
20120820,2012-08-20,Monday,August,8,3,2012,2
20120821,2012-08-21,Tuesday,August,8,3,2012,2
20120822,2012-08-22,Wednesday,August,8,3,2012,2
20120823,2012-08-23,Thursday,August,8,3,2012,2
20120824,2012-08-24,Friday,August,8,3,2012,2
20120825,2012-08-25,Saturday,August,8,3,2012,2
20120826,2012-08-26,Sunday,August,8,3,2012,2
20120827,2012-08-27,Monday,August,8,3,2012,2
20120828,2012-08-28,Tuesday,August,8,3,2012,2
20120829,2012-08-29,Wednesday,August,8,3,2012,2
20120830,2012-08-30,Thursday,August,8,3,2012,2
20120831,2012-08-31,Friday,August,8,3,2012,2
20120901,2012-09-01,Saturday,September,9,3,2012,2
20120902,2012-09-02,Sunday,September,9,3,2012,2
20120903,2012-09-03,Monday,September,9,3,2012,2
20120904,2012-09-04,Tuesday,September,9,3,2012,2
20120905,2012-09-05,Wednesday,September,9,3,2012,2
20120906,2012-09-06,Thursday,September,9,3,2012,2
20120907,2012-09-07,Friday,September,9,3,2012,2
20120908,2012-09-08,Saturday,September,9,3,2012,2
20120909,2012-09-09,Sunday,September,9,3,2012,2
20120910,2012-09-10,Monday,September,9,3,2012,2
20120911,2012-09-11,Tuesday,September,9,3,2012,2
20120912,2012-09-12,Wednesday,September,9,3,2012,2
20120913,2012-09-13,Thursday,September,9,3,2012,2
20120914,2012-09-14,Friday,September,9,3,2012,2
20120915,2012-09-15,Saturday,September,9,3,2012,2
20120916,2012-09-16,Sunday,September,9,3,2012,2
20120917,2012-09-17,Monday,September,9,3,2012,2
20120918,2012-09-18,Tuesday,September,9,3,2012,2
20120919,2012-09-19,Wednesday,September,9,3,2012,2
20120920,2012-09-20,Thursday,September,9,3,2012,2
20120921,2012-09-21,Friday,September,9,3,2012,2
20120922,2012-09-22,Saturday,September,9,3,2012,2
20120923,2012-09-23,Sunday,September,9,3,2012,2
20120924,2012-09-24,Monday,September,9,3,2012,2
20120925,2012-09-25,Tuesday,September,9,3,2012,2
20120926,2012-09-26,Wednesday,September,9,3,2012,2
20120927,2012-09-27,Thursday,September,9,3,2012,2
20120928,2012-09-28,Friday,September,9,3,2012,2
20120929,2012-09-29,Saturday,September,9,3,2012,2
20120930,2012-09-30,Sunday,September,9,3,2012,2
20121001,2012-10-01,Monday,October,10,4,2012,2
20121002,2012-10-02,Tuesday,October,10,4,2012,2
20121003,2012-10-03,Wednesday,October,10,4,2012,2
20121004,2012-10-04,Thursday,October,10,4,2012,2
20121005,2012-10-05,Friday,October,10,4,2012,2
20121006,2012-10-06,Saturday,October,10,4,2012,2
20121007,2012-10-07,Sunday,October,10,4,2012,2
20121008,2012-10-08,Monday,October,10,4,2012,2
20121009,2012-10-09,Tuesday,October,10,4,2012,2
20121010,2012-10-10,Wednesday,October,10,4,2012,2
20121011,2012-10-11,Thursday,October,10,4,2012,2
20121012,2012-10-12,Friday,October,10,4,2012,2
20121013,2012-10-13,Saturday,October,10,4,2012,2
20121014,2012-10-14,Sunday,October,10,4,2012,2
20121015,2012-10-15,Monday,October,10,4,2012,2
20121016,2012-10-16,Tuesday,October,10,4,2012,2
20121017,2012-10-17,Wednesday,October,10,4,2012,2
20121018,2012-10-18,Thursday,October,10,4,2012,2
20121019,2012-10-19,Friday,October,10,4,2012,2
20121020,2012-10-20,Saturday,October,10,4,2012,2
20121021,2012-10-21,Sunday,October,10,4,2012,2
20121022,2012-10-22,Monday,October,10,4,2012,2
20121023,2012-10-23,Tuesday,October,10,4,2012,2
20121024,2012-10-24,Wednesday,October,10,4,2012,2
20121025,2012-10-25,Thursday,October,10,4,2012,2
20121026,2012-10-26,Friday,October,10,4,2012,2
20121027,2012-10-27,Saturday,October,10,4,2012,2
20121028,2012-10-28,Sunday,October,10,4,2012,2
20121029,2012-10-29,Monday,October,10,4,2012,2
20121030,2012-10-30,Tuesday,October,10,4,2012,2
20121031,2012-10-31,Wednesday,October,10,4,2012,2
20121101,2012-11-01,Thursday,November,11,4,2012,2
20121102,2012-11-02,Friday,November,11,4,2012,2
20121103,2012-11-03,Saturday,November,11,4,2012,2
20121104,2012-11-04,Sunday,November,11,4,2012,2
20121105,2012-11-05,Monday,November,11,4,2012,2
20121106,2012-11-06,Tuesday,November,11,4,2012,2
20121107,2012-11-07,Wednesday,November,11,4,2012,2
20121108,2012-11-08,Thursday,November,11,4,2012,2
20121109,2012-11-09,Friday,November,11,4,2012,2
20121110,2012-11-10,Saturday,November,11,4,2012,2
20121111,2012-11-11,Sunday,November,11,4,2012,2
20121112,2012-11-12,Monday,November,11,4,2012,2
20121113,2012-11-13,Tuesday,November,11,4,2012,2
20121114,2012-11-14,Wednesday,November,11,4,2012,2
20121115,2012-11-15,Thursday,November,11,4,2012,2
20121116,2012-11-16,Friday,November,11,4,2012,2
20121117,2012-11-17,Saturday,November,11,4,2012,2
20121118,2012-11-18,Sunday,November,11,4,2012,2
20121119,2012-11-19,Monday,November,11,4,2012,2
20121120,2012-11-20,Tuesday,November,11,4,2012,2
20121121,2012-11-21,Wednesday,November,11,4,2012,2
20121122,2012-11-22,Thursday,November,11,4,2012,2
20121123,2012-11-23,Friday,November,11,4,2012,2
20121124,2012-11-24,Saturday,November,11,4,2012,2
20121125,2012-11-25,Sunday,November,11,4,2012,2
20121126,2012-11-26,Monday,November,11,4,2012,2
20121127,2012-11-27,Tuesday,November,11,4,2012,2
20121128,2012-11-28,Wednesday,November,11,4,2012,2
20121129,2012-11-29,Thursday,November,11,4,2012,2
20121130,2012-11-30,Friday,November,11,4,2012,2
20121201,2012-12-01,Saturday,December,12,4,2012,2
20121202,2012-12-02,Sunday,December,12,4,2012,2
20121203,2012-12-03,Monday,December,12,4,2012,2
20121204,2012-12-04,Tuesday,December,12,4,2012,2
20121205,2012-12-05,Wednesday,December,12,4,2012,2
20121206,2012-12-06,Thursday,December,12,4,2012,2
20121207,2012-12-07,Friday,December,12,4,2012,2
20121208,2012-12-08,Saturday,December,12,4,2012,2
20121209,2012-12-09,Sunday,December,12,4,2012,2
20121210,2012-12-10,Monday,December,12,4,2012,2
20121211,2012-12-11,Tuesday,December,12,4,2012,2
20121212,2012-12-12,Wednesday,December,12,4,2012,2
20121213,2012-12-13,Thursday,December,12,4,2012,2
20121214,2012-12-14,Friday,December,12,4,2012,2
20121215,2012-12-15,Saturday,December,12,4,2012,2
20121216,2012-12-16,Sunday,December,12,4,2012,2
20121217,2012-12-17,Monday,December,12,4,2012,2
20121218,2012-12-18,Tuesday,December,12,4,2012,2
20121219,2012-12-19,Wednesday,December,12,4,2012,2
20121220,2012-12-20,Thursday,December,12,4,2012,2
20121221,2012-12-21,Friday,December,12,4,2012,2
20121222,2012-12-22,Saturday,December,12,4,2012,2
20121223,2012-12-23,Sunday,December,12,4,2012,2
20121224,2012-12-24,Monday,December,12,4,2012,2
20121225,2012-12-25,Tuesday,December,12,4,2012,2
20121226,2012-12-26,Wednesday,December,12,4,2012,2
20121227,2012-12-27,Thursday,December,12,4,2012,2
20121228,2012-12-28,Friday,December,12,4,2012,2
20121229,2012-12-29,Saturday,December,12,4,2012,2
20121230,2012-12-30,Sunday,December,12,4,2012,2
20121231,2012-12-31,Monday,December,12,4,2012,2
